Probit,beta,std
Const,2.816788012,0.097449308
x1,1.23906134,0.044298404
x2,-0.892146396,0.018006189
x3,0.048036371,0.046933021
