"","beta","std"
"",2.45610339119202,0.129831455346145
"x1",1.21579996900586,0.0554115535998403
"x2",-0.898443416755043,0.00935455544109781
"x3",0.101876211068706,0.0698226069787313
